intitule,entreprise,lieu,contrat,alternance,nature_contrat,salaire,date_publication,competences,source
Alternant Assistant Chef de produits International (H/F),INNOTHERA CORPORATE SERVICES,94110 Arcueil,Apprentissage,Oui,Apprentissage,Non précisé,2026-09-17T16:00:39.857Z,,France Travail
Alternance Assistant(e) Marketing & Communication - Paris (F/H),Non précisé,75001 Paris,Professionnalisation,Oui,Professionnalisation,Non précisé,2026-09-17T12:22:12.691Z,,France Travail
Assistant(e) Marketing & Communication #transition écologique (H/F),NANTEUROP FL,44450 Saint-Julien-de-Concelles,Apprentissage,Oui,Apprentissage,Non précisé,2026-09-16T10:32:32.290Z,,France Travail
Alternance Assistant commercial et marketing - Paron (F/H),Non précisé,89100 Paron,Professionnalisation,Oui,Professionnalisation,Non précisé,2026-09-10T12:29:12.640Z,,France Travail
Alternance - Assistant(e) Marketing & Communication Digitale (H/F),CUISINE TRADITIONNELLE COLLECTIVITES,13120 Gardanne,Apprentissage,Oui,Apprentissage,Non précisé,2026-09-08T14:34:37.799Z,,France Travail
Alternant(e) Chargé(e) Communication F/H - Freeland,Freeland,92400 Courbevoie,Professionnalisation,Oui,Professionnalisation,Non précisé,2026-09-07T21:15:12.682Z,,France Travail
Alternance - Assistant(e) Marketing Digital F/H (H/F),PARIS FASHION SHOPS - PFS,93210 ST DENIS,Apprentissage,Oui,Apprentissage,Non précisé,2026-09-07T14:56:12.879Z,,France Travail
Alternance assistant vendeur et marketing - Montpellier (F/H),Non précisé,34000 Montpellier,Professionnalisation,Oui,Professionnalisation,Non précisé,2026-09-05T11:54:05.862Z,,France Travail
ASSISTANT MARKETING INNOVATION - Stage (H/F),Savencia SA,35220 Châteaubourg,Apprentissage,Oui,Apprentissage,Non précisé,2026-09-05T00:32:58.342Z,,France Travail
Alternance Marketing Digital &communication B2B - H/F,UNIK,59700 Marcq-en-Barœul,Professionnalisation,Oui,Professionnalisation,Non précisé,2026-09-04T14:35:30.253Z,,France Travail
Alternance Assistant administratif et Marketing - Paris (F/H),Non précisé,75001 Paris,Professionnalisation,Oui,Professionnalisation,Non précisé,2026-09-04T12:09:41.073Z,,France Travail
Apprenti/e Assistant/e marketing et communication (H/F),BENOIT SERRES LIQUEURS & SPIRITUEUX,33190 La Réole,Apprentissage,Oui,Apprentissage,Non précisé,2026-09-04T10:06:16.732Z,,France Travail
E.Leclerc - Assistant Marketing (alternance) - H/F,SAINT MAIXENT DISTRIBUTION,79400 Azay-le-Brûlé,Apprentissage,Oui,Apprentissage,Non précisé,2026-09-03T15:56:40.481Z,,France Travail
Chargé(e) de support communication et marketing en alternance. (H/F),SOGITEC,92150 Suresnes,Apprentissage,Oui,Apprentissage,Non précisé,2026-09-02T04:31:42.617Z,,France Travail
Alternant Communication (H/F),CHEREAU,50220 Ducey-Les Chéris,Apprentissage,Oui,Apprentissage,Non précisé,2026-09-01T04:31:36.214Z,,France Travail
Stage - Assistant.e Marketing H/F,Non précisé,92240 Malakoff,Professionnalisation,Oui,Professionnalisation,Non précisé,2026-08-27T12:37:58.829Z,,France Travail
Assistant / Assistante marketing (H/F),Non précisé,93360 Neuilly-Plaisance,Apprentissage,Oui,Apprentissage,Non précisé,2026-08-20T03:20:22.802Z,,France Travail
Assistant / Assistante marketing (H/F),Non précisé,93130 Noisy-le-Sec,Apprentissage,Oui,Apprentissage,Non précisé,2026-08-20T03:20:20.275Z,,France Travail
Alternance Assistant(e) Trade Marketing Évènementiel (H/F),SOCIETE POUR L'EXPLOITATION ET LE DEVELOPPEMENT DES EAUX DE SOURCE,97419 La Possession,Apprentissage,Oui,Apprentissage,Non précisé,2026-08-19T08:18:32.247Z,,France Travail
STAGE - CHEF DE PRODUIT MARKETING (F/H) - 6 MOIS - HERTA - JANVIER 2027,HERTA,93160 Noisy-le-Grand,Apprentissage,Oui,Apprentissage,Non précisé,2026-08-18T14:35:37.269Z,,France Travail
STAGE - COMMUNITY MANAGER ET RELATION CONSOMATEUR  (F/H) - 6 MOIS - HERTA - JANVIER 2027,HERTA,93160 Noisy-le-Grand,Apprentissage,Oui,Apprentissage,Non précisé,2026-08-18T14:35:35.205Z,,France Travail
Alternance Assistant(e) Marketing - Compiègne (F/H),Non précisé,60200 Compiègne,Professionnalisation,Oui,Professionnalisation,Non précisé,2026-08-15T11:52:10.256Z,,France Travail
Assistant(e) marketing en alternance H/F (H/F),MATERNA OPERATIONS,60200 Compiègne,Apprentissage,Oui,Apprentissage,Non précisé,2026-08-12T10:17:01.457Z,,France Travail
Alternance Assistant(e) marketing et communication - Fréjus (F/H),Non précisé,83370 Fréjus,Professionnalisation,Oui,Professionnalisation,Non précisé,2026-08-08T11:50:48.085Z,,France Travail
Alternant Assistant(e) Marketing (F/H) - ADELIA MEDICAL,ADELIA MEDICAL,92230 Gennevilliers,Professionnalisation,Oui,Professionnalisation,Non précisé,2026-08-06T21:15:22.000Z,,France Travail
Alternance Assistant(e) Trade Marketing - Paris (F/H),Non précisé,75001 Paris,Professionnalisation,Oui,Professionnalisation,Non précisé,2026-08-01T11:54:02.334Z,,France Travail
Alternance Assistant(e) Marketing. - Paris (F/H),Non précisé,75001 Paris,Professionnalisation,Oui,Professionnalisation,Non précisé,2026-07-31T12:01:13.099Z,,France Travail
Alternant Assistant Chef de produits International (H/F),INNOTHERA CORPORATE SERVICES,94110 Arcueil,Apprentissage,Oui,Apprentissage,Non précisé,2026-09-17T16:00:39.857Z,,France Travail
Alternance Assistant(e) Marketing & Communication - Paris (F/H),Non précisé,75001 Paris,Professionnalisation,Oui,Professionnalisation,Non précisé,2026-09-17T12:22:12.691Z,,France Travail
Assistant(e) Marketing & Communication #transition écologique (H/F),NANTEUROP FL,44450 Saint-Julien-de-Concelles,Apprentissage,Oui,Apprentissage,Non précisé,2026-09-16T10:32:32.290Z,,France Travail
Alternance Assistant commercial et marketing - Paron (F/H),Non précisé,89100 Paron,Professionnalisation,Oui,Professionnalisation,Non précisé,2026-09-10T12:29:12.640Z,,France Travail
Alternance - Assistant(e) Marketing & Communication Digitale (H/F),CUISINE TRADITIONNELLE COLLECTIVITES,13120 Gardanne,Apprentissage,Oui,Apprentissage,Non précisé,2026-09-08T14:34:37.799Z,,France Travail
Alternant(e) Chargé(e) Communication F/H - Freeland,Freeland,92400 Courbevoie,Professionnalisation,Oui,Professionnalisation,Non précisé,2026-09-07T21:15:12.682Z,,France Travail
Alternance - Assistant(e) Marketing Digital F/H (H/F),PARIS FASHION SHOPS - PFS,93210 ST DENIS,Apprentissage,Oui,Apprentissage,Non précisé,2026-09-07T14:56:12.879Z,,France Travail
Alternance assistant vendeur et marketing - Montpellier (F/H),Non précisé,34000 Montpellier,Professionnalisation,Oui,Professionnalisation,Non précisé,2026-09-05T11:54:05.862Z,,France Travail
ASSISTANT MARKETING INNOVATION - Stage (H/F),Savencia SA,35220 Châteaubourg,Apprentissage,Oui,Apprentissage,Non précisé,2026-09-05T00:32:58.342Z,,France Travail
Alternance Marketing Digital &communication B2B - H/F,UNIK,59700 Marcq-en-Barœul,Professionnalisation,Oui,Professionnalisation,Non précisé,2026-09-04T14:35:30.253Z,,France Travail
Alternance Assistant administratif et Marketing - Paris (F/H),Non précisé,75001 Paris,Professionnalisation,Oui,Professionnalisation,Non précisé,2026-09-04T12:09:41.073Z,,France Travail
Apprenti/e Assistant/e marketing et communication (H/F),BENOIT SERRES LIQUEURS & SPIRITUEUX,33190 La Réole,Apprentissage,Oui,Apprentissage,Non précisé,2026-09-04T10:06:16.732Z,,France Travail
E.Leclerc - Assistant Marketing (alternance) - H/F,SAINT MAIXENT DISTRIBUTION,79400 Azay-le-Brûlé,Apprentissage,Oui,Apprentissage,Non précisé,2026-09-03T15:56:40.481Z,,France Travail
Chargé(e) de support communication et marketing en alternance. (H/F),SOGITEC,92150 Suresnes,Apprentissage,Oui,Apprentissage,Non précisé,2026-09-02T04:31:42.617Z,,France Travail
Alternant Communication (H/F),CHEREAU,50220 Ducey-Les Chéris,Apprentissage,Oui,Apprentissage,Non précisé,2026-09-01T04:31:36.214Z,,France Travail
Stage - Assistant.e Marketing H/F,Non précisé,92240 Malakoff,Professionnalisation,Oui,Professionnalisation,Non précisé,2026-08-27T12:37:58.829Z,,France Travail
Assistant / Assistante marketing (H/F),Non précisé,93360 Neuilly-Plaisance,Apprentissage,Oui,Apprentissage,Non précisé,2026-08-20T03:20:22.802Z,,France Travail
Assistant / Assistante marketing (H/F),Non précisé,93130 Noisy-le-Sec,Apprentissage,Oui,Apprentissage,Non précisé,2026-08-20T03:20:20.275Z,,France Travail
Alternance Assistant(e) Trade Marketing Évènementiel (H/F),SOCIETE POUR L'EXPLOITATION ET LE DEVELOPPEMENT DES EAUX DE SOURCE,97419 La Possession,Apprentissage,Oui,Apprentissage,Non précisé,2026-08-19T08:18:32.247Z,,France Travail
STAGE - CHEF DE PRODUIT MARKETING (F/H) - 6 MOIS - HERTA - JANVIER 2027,HERTA,93160 Noisy-le-Grand,Apprentissage,Oui,Apprentissage,Non précisé,2026-08-18T14:35:37.269Z,,France Travail
STAGE - COMMUNITY MANAGER ET RELATION CONSOMATEUR  (F/H) - 6 MOIS - HERTA - JANVIER 2027,HERTA,93160 Noisy-le-Grand,Apprentissage,Oui,Apprentissage,Non précisé,2026-08-18T14:35:35.205Z,,France Travail
Alternance Assistant(e) Marketing - Compiègne (F/H),Non précisé,60200 Compiègne,Professionnalisation,Oui,Professionnalisation,Non précisé,2026-08-15T11:52:10.256Z,,France Travail
Assistant(e) marketing en alternance H/F (H/F),MATERNA OPERATIONS,60200 Compiègne,Apprentissage,Oui,Apprentissage,Non précisé,2026-08-12T10:17:01.457Z,,France Travail
Alternance Assistant(e) marketing et communication - Fréjus (F/H),Non précisé,83370 Fréjus,Professionnalisation,Oui,Professionnalisation,Non précisé,2026-08-08T11:50:48.085Z,,France Travail
Alternant Assistant(e) Marketing (F/H) - ADELIA MEDICAL,ADELIA MEDICAL,92230 Gennevilliers,Professionnalisation,Oui,Professionnalisation,Non précisé,2026-08-06T21:15:22.000Z,,France Travail
Alternance Assistant(e) Trade Marketing - Paris (F/H),Non précisé,75001 Paris,Professionnalisation,Oui,Professionnalisation,Non précisé,2026-08-01T11:54:02.334Z,,France Travail
Alternance Assistant(e) Marketing. - Paris (F/H),Non précisé,75001 Paris,Professionnalisation,Oui,Professionnalisation,Non précisé,2026-07-31T12:01:13.099Z,,France Travail
