intitule,entreprise,lieu,contrat,alternance,nature_contrat,salaire,date_publication,competences
Assistant Marketing (H/F),BERRY DISTRIBUTION,36 - LE BLANC,CDI,Non,Contrat travail,Mensuel de 1900.0 Euros à 2300.0 Euros,2026-09-18T15:51:41.577Z,"Analyser les performances de l'équipe et proposer des améliorations, Mettre en oeuvre des actions commerciales et promotionnelles, Mettre en place des solutions d'amélioration de la performance, Rédiger un rapport, un compte rendu d'activité"
ASSISTANT/E MARKETING ET COMMERCIAL/E (H/F),GOLDEN PALACE CASINO BSM,62 - BOULOGNE-SUR-MER,CDD - 12 Mois,Oui,Contrat apprentissage,Non précisé,2026-09-18T10:24:39.635Z,"Marketing des réseaux sociaux, Analyser les performances de l'équipe et proposer des améliorations, Mettre en place des solutions d'amélioration de la performance, Utiliser les outils numériques"
TELEOPERATEUR/TRICE - ASSISTANT.E ADMINISTRATIF/IVE (H/F),N.G.I. CONSULTING,38 - Moirans,Intérim - 6 Mois,Non,Contrat travail,Horaire de 12.31 Euros à 12.5 Euros,2026-09-17T17:43:59.024Z,Analyser les performances de l'équipe et proposer des améliorations
Alternant Assistant Chef de produits International (H/F),INNOTHERA CORPORATE SERVICES,94 - ARCUEIL,CDD - 12 Mois,Oui,Contrat apprentissage,Non précisé,2026-09-17T16:00:39.857Z,"Analyser les performances de l'équipe et proposer des améliorations, Mettre en oeuvre des actions commerciales et promotionnelles, Mettre en place des solutions d'amélioration de la performance, Rédiger un rapport, un compte rendu d'activité"
Assistant(e) Marketing & Communication #transition écologique (H/F),NANTEUROP FL,44 - ST JULIEN DE CONCELLES,CDI,Oui,Contrat apprentissage,Horaire de 12.31 Euros,2026-09-16T10:32:32.290Z,"Analyser les performances de l'équipe et proposer des améliorations, Mettre en place des solutions d'amélioration de la performance"
Assistant technique commercial et marketing (H/F),BOEHRINGER INGELHEIM ANIMAL HEALTH FRANC,44 - Nantes,CDD - 3 Mois,Non,Contrat travail,Non précisé,2026-09-15T15:28:41.504Z,"Analyser les performances de l'équipe et proposer des améliorations, Mettre en place des solutions d'amélioration de la performance"
Assistant marketing (H/F),MANPOWER FRANCE,06 - Nice,Intérim - 1 Mois,Non,Contrat travail,Horaire de 16.65 Euros,2026-09-14T20:09:32.602Z,"Analyser les performances de l'équipe et proposer des améliorations, Mettre en place des solutions d'amélioration de la performance"
Assistant Commercial/ Assistante Commerciale et Teleprospection (H/F),SIRSIT,93 - PANTIN,CDD - 6 Mois,Non,Contrat travail,Mensuel de 1867.02 Euros - smic,2026-09-11T17:45:51.573Z,Analyser les performances de l'équipe et proposer des améliorations
Assistant technique commercial et marketing (H/F),BOEHRINGER INGELHEIM ANIMAL HEALTH FRANC,44 - Treillières,CDD - 3 Mois,Non,Contrat travail,Non précisé,2026-09-11T10:30:08.043Z,"Analyser les performances de l'équipe et proposer des améliorations, Mettre en place des solutions d'amélioration de la performance"
Assistant/e communication / marketing / admin (H/F),Non précisé,83 - OLLIOULES,CDI,Non,Contrat travail,Mensuel de 1868.0 Euros,2026-09-10T08:45:15.642Z,"Analyser les performances de l'équipe et proposer des améliorations, Mettre en place des solutions d'amélioration de la performance"
Assistant marketing F/H,SYNERGIE,66 - Thuir,Intérim - 3 Mois,Non,Contrat travail,Annuel de 22405.0 Euros à 25000.0 Euros,2026-09-08T15:39:59.167Z,"Analyser les performances de l'équipe et proposer des améliorations, Mettre en place des solutions d'amélioration de la performance"
Assistant commercial et marketing (H/F),PANCARTE,71 - MACON,CDI,Non,Contrat travail,Mensuel de 1867.02 Euros - Autres primes,2026-09-08T15:10:24.841Z,"Analyser les performances de l'équipe et proposer des améliorations, Mettre en place des solutions d'amélioration de la performance"
Alternance - Assistant(e) Marketing & Communication Digitale (H/F),CUISINE TRADITIONNELLE COLLECTIVITES,13 - Gardanne,CDI,Oui,Contrat apprentissage,Mensuel de 506.0 Euros à 1000.0 Euros,2026-09-08T14:34:37.799Z,"Analyser les performances de l'équipe et proposer des améliorations, Mettre en place des solutions d'amélioration de la performance"
DIRECTEUR(TRICE) ADJOINT MARKETING & INTELLIGENCE ARTIFICIELLE (H/F),NOTARIAT SERVICES,19 - Arnac-Pompadour,CDI,Non,Contrat travail,Annuel de 38000.0 Euros à 48000.0 Euros,2026-09-08T09:16:34.727Z,"Elaborer un plan marketing, une stratégie de marque et de communication, Analyser les performances de l'équipe et proposer des améliorations, Mettre en place des solutions d'amélioration de la performance"
Alternance - Assistant(e) Marketing Digital F/H (H/F),PARIS FASHION SHOPS - PFS,93 - ST DENIS,CDI,Oui,Contrat apprentissage,Mensuel de 1138.88 Euros à 1867.0 Euros,2026-09-07T14:56:12.879Z,"Analyser les performances de l'équipe et proposer des améliorations, Mettre en place des solutions d'amélioration de la performance"
Gestionnaire de planning (H/F),GROUPE FACILITY,44 - ST NAZAIRE,CDI,Non,Contrat travail,Annuel de 25000.0 Euros à 27000.0 Euros - Rémunération évolutive,2026-09-04T14:33:57.473Z,"Analyser les performances de l'équipe et proposer des améliorations, Mettre en place des solutions d'amélioration de la performance"
Assistant(e) marketing et communication (H/F). (H/F),LES EMAUX DE BRIARE,75 - PARIS 07,CDI,Non,Contrat travail,Mensuel de 2300.0 Euros à 2400.0 Euros,2026-09-01T14:01:43.835Z,"Analyser les performances de l'équipe et proposer des améliorations, Mettre en place des solutions d'amélioration de la performance, #TDFE2026"
Assistant Communication et Marketing opérationnel - Paris 12e (H/F),EXPONENS,75 - Paris 12e Arrondissement,CDI,Non,Contrat travail,Mensuel de 2100.0 Euros,2026-09-01T11:55:35.169Z,"Analyser les performances de l'équipe et proposer des améliorations, Mettre en place des solutions d'amélioration de la performance"
Assistant marketing commerce (H/F),Non précisé,51 - DORMANS,CDD - 6 Mois,Non,Contrat travail,Non précisé,2026-08-31T07:58:14.589Z,"Analyser les performances de l'équipe et proposer des améliorations, Mettre en place des solutions d'amélioration de la performance, Intéret pour les solutions environnementales, Connaissance en RSE"
Assistant marketing (F/H),RANDSTAD,04 - Peyruis,Intérim - 6 Mois,Non,Contrat travail,Horaire de 14.0 Euros,2026-08-25T18:21:30.449Z,
Alternance Assistant(e) Trade Marketing Évènementiel (H/F),Edena Boissons,974 - La Possession,CDD - 12 Mois,Oui,Contrat apprentissage,Non précisé,2026-08-19T08:18:32.247Z,"Analyser les performances de l'équipe et proposer des améliorations, Mettre en place des solutions d'amélioration de la performance"
APPRENTI(E) Bac+5 MBA MANAGER EN STRATEGIE D'ENTREPRISE (H/F),SUP FORMATION,57 - METZ,CDD - 12 Mois,Oui,Contrat apprentissage,Mensuel de 1100.0 Euros à 1800.0 Euros sur 12 mois,2026-08-17T01:41:31.953Z,"Analyser les performances de l'équipe et proposer des améliorations, Mettre en place des solutions d'amélioration de la performance"
Assistant(e) marketing en alternance H/F (H/F),MATERNA OPERATIONS,60 - COMPIEGNE,CDD - 24 Mois,Oui,Contrat apprentissage,Mensuel de 800.0 Euros à 1862.0 Euros sur 12.0 mois,2026-08-12T10:17:01.457Z,"Analyse concurrentielle, Analyse des besoins des clients, Insights marketing, Marketing des réseaux sociaux, Techniques d'analyse de marché, Analyser les performances de l'équipe et proposer des améliorations, Mettre en oeuvre des actions commerciales et promotionnelles, Mettre en place des solutions d'amélioration de la performance, Rédiger un rapport, un compte rendu d'activité, Analyser les tendances de consommation des clients, Assurer le suivi des chiffres de vente et réaliser le reporting associé, Concevoir des supports de communication et d'image, Elaborer une stratégie de marketing digital, Elaborer un plan marketing, une stratégie de marque et de communication, Participer à la définition d'une stratégie de développement de produits, Utiliser les outils numériques"
Assistant(e) Marketing & Digital & CRM F/H (H/F),AUTODISTRIBUTION TALBOT,79 - Thouars,CDI,Non,Contrat travail,Mensuel de 2081.0 Euros à 2200.0 Euros,2026-07-24T19:03:21.025Z,"Analyser les performances de l'équipe et proposer des améliorations, Mettre en place des solutions d'amélioration de la performance"
Assistant marketing et communication en Alternance (H/F),LA FOLIE DOUCE SAINT GERVAIS,74 - Saint-Gervais-les-Bains,CDD - 12 Mois,Oui,Contrat apprentissage,Non précisé,2026-07-08T14:15:18.800Z,"Analyser les performances de l'équipe et proposer des améliorations, Mettre en place des solutions d'amélioration de la performance"
Assistant(e) Marketing & Communication en Alternance H/F,SAM & FT ACCOMPAGNEMENT,31 - TOULOUSE,CDD - 12 Mois,Oui,Contrat apprentissage,Non précisé,2026-06-30T13:22:16.188Z,"Analyser les performances de l'équipe et proposer des améliorations, Mettre en place des solutions d'amélioration de la performance"
Assistant(e) Trade Marketing (Off Trade) H/F (H/F),EDENA BOISSONS,974 - La Possession,CDD - 12 Mois,Oui,Contrat apprentissage,Non précisé,2026-06-15T08:10:41.528Z,"Analyser les performances de l'équipe et proposer des améliorations, Mettre en place des solutions d'amélioration de la performance"
Assistant/ assistante marketing et communication (H/F),ALOREM,01 - BEYNOST,CDD - 6 Mois,Non,Contrat travail,Horaire de 13.0 Euros à 15.0 Euros,2026-04-01T16:22:56.303Z,"Analyser les performances de l'équipe et proposer des améliorations, Mettre en place des solutions d'amélioration de la performance"
Assistant Commercial & Marketing H/F,Ad Consultem,75 - Paris 8e Arrondissement,CDI,Non,Contrat travail,Annuel de 28.0 Euros à 32.0 Euros,2026-09-22T08:07:53.564Z,
Assistant / Assistante marketing (H/F),IMPARARE,45 - Orléans,CDD - 12 Mois,Oui,Contrat apprentissage,Mensuel de 800.0 Euros à 1800.0 Euros,2026-09-22T03:19:05.152Z,
"directeur directrice, directeur établissement accueil jeune enfant tan hoban H/F - EC20926",Ville de BORDEAUX,33 - Bordeaux,CDI,Non,Contrat travail,Non précisé,2026-09-21T21:03:29.644Z,
Pilote Planning Projet (H/F),TerX,92 - Levallois-Perret,CDI,Non,Contrat travail,Non précisé,2026-09-20T18:24:23.939Z,
Assistant(e) Commercial(e) et ADV F/H,Non précisé,87 - Limoges,Intérim - 1 Mois,Non,Contrat travail,Non précisé,2026-09-19T11:52:16.521Z,
Assistant / Assistante marketing (H/F),Non précisé,87 - Limoges,CDI,Non,Contrat travail,Annuel de 23000.0 Euros à 23000.0 Euros,2026-09-19T11:04:07.964Z,
Directeur adjoint H/F,Non précisé,38 - Domène,CDI,Non,Contrat travail,Non précisé,2026-09-18T22:32:52.487Z,
Assistant ADV H/F,Non précisé,33 - Pessac,CDI,Non,Contrat travail,Non précisé,2026-09-18T22:32:13.067Z,
Assistant (e) ADV H/F,Non précisé,94 - Val-de-Marne,CDI,Non,Contrat travail,Non précisé,2026-09-18T22:31:52.332Z,
Assistant ADV H/F,Non précisé,78 - Yvelines,CDI,Non,Contrat travail,Non précisé,2026-09-18T22:31:48.763Z,
ASSISTANT ADV (F/H),Non précisé,95 - Val-d'Oise,CDI,Non,Contrat travail,Non précisé,2026-09-18T22:31:41.452Z,
STAGE - CHEF DE PRODUIT MARKETING (F/H) - 6 MOIS - HERTA - JANVIER 2027,HERTA,93 - Noisy-le-Grand,CDI,Non,Contrat travail,"Mensuel de 1200.0 Euros à 1500.0 Euros - Formation, transport 50%, CSE, 5 CP ",2026-09-18T16:55:48.866Z,
CDD - Assistant référencement H/F,PLACE DES TENDANCES,93 - Pantin,CDD - 5 Mois,Non,Contrat travail,Annuel de 25000.0 Euros à 30000.0 Euros - 80% du transport remboursé,2026-09-18T16:46:44.491Z,
Assistant communication/marketing en alt (H/F),ESUP LYON,69 - Lyon 9e Arrondissement,CDD - 24 Mois,Oui,Cont. professionnalisation,Annuel de 5000.0 Euros à 10000.0 Euros - prise en charge de la formation ,2026-09-18T16:44:06.372Z,
Alternance Conseiller(ère) commercial(e) et marketing bilingue Anglais - Paris (F/H),Non précisé,75 - Paris,CDD - 12 Mois,Oui,Cont. professionnalisation,Non précisé,2026-09-18T12:06:34.789Z,
Assistant de Direction H/F - Marseille,Non précisé,13 - Marseille,CDI,Non,Contrat travail,Non précisé,2026-09-18T12:05:56.625Z,
Yard Planning & Scheduling Manager (H/F),PARLYM,69 - Lyon 7e Arrondissement,CDI,Non,Contrat travail,Non précisé,2026-09-18T11:21:43.496Z,
Alternance Assistant(e) Marketing & Communication - Paris (F/H),Non précisé,75 - Paris,CDD - 12 Mois,Oui,Cont. professionnalisation,Non précisé,2026-09-17T12:22:12.691Z,
Alternance Assistant Communication et Marketing (H/F),WONVEN PARTNERS,77 - Fontainebleau,CDD - 24 Mois,Oui,Contrat apprentissage,Non précisé,2026-09-17T11:22:14.946Z,
Alternance Assistant(e) Marketing & Communication - Paris (H/F),ISCOD,75 - Paris 7e Arrondissement,CDD - 12 Mois,Oui,Contrat apprentissage,Non précisé,2026-09-17T11:22:04.707Z,
Alternance Assistant commercial et marketing - Thiais (H/F),ISCOD,94 - Thiais,CDD - 12 Mois,Oui,Contrat apprentissage,Non précisé,2026-09-16T11:21:31.759Z,
Assistant / Assistante marketing (H/F),EFC CONSULTING,Bourgogne-Franche-Comté,CDI,Non,Contrat travail,Non précisé,2026-09-15T09:10:35.765Z,
Assistant / Assistante marketing (H/F),EFC CONSULTING,Auvergne-Rhône-Alpes,CDI,Non,Contrat travail,Non précisé,2026-09-15T09:10:35.765Z,
GESTIONNAIRE DE PLANNING (H/F),Soutien À Domicile,72 - Mans,CDI,Non,Contrat travail,Mensuel de 2047.0 Euros,2026-09-14T21:01:02.118Z,
Alternance Assistant(e) Communication et Marketing. - Istres (H/F),ISCOD,13 - Istres,CDD - 12 Mois,Oui,Contrat apprentissage,Non précisé,2026-09-14T11:21:48.074Z,
Alternance Assistant marketing et évènementiel - Paris (H/F),ISCOD,75 - Paris 8e Arrondissement,CDD - 12 Mois,Oui,Contrat apprentissage,Non précisé,2026-09-12T11:25:14.083Z,
Directeur Adjoint (H/F) - GrandOptical - Nice Etoile,Non précisé,06 - Nice,CDI,Non,Contrat travail,Non précisé,2026-09-11T12:12:30.000Z,
Assistant marketing et communication F/H - DELTA,DELTA,67 - Mundolsheim,CDI,Non,Contrat travail,Annuel de 28000.0 Euros à 33000.0 Euros,2026-09-10T21:16:01.023Z,
Alternance Assistant commercial et marketing - Paron (F/H),Non précisé,89 - Paron,CDD - 12 Mois,Oui,Cont. professionnalisation,Non précisé,2026-09-10T12:29:12.640Z,
Alternance Assistant(e) commercial et marketing - Levallois-Perret (H/F),ISCOD,92 - Levallois-Perret,CDD - 12 Mois,Oui,Contrat apprentissage,Non précisé,2026-09-10T11:22:02.362Z,
Alternance Assistant commercial et marketing - Paron (H/F),ISCOD,89 - Collemiers,CDD - 12 Mois,Oui,Contrat apprentissage,Non précisé,2026-09-10T11:21:58.707Z,
ASSISTANT(E) PARAMÉTRAGE MARKETING H/F,Non précisé,93 - Pantin,Intérim - 1 Mois,Non,Contrat travail,Non précisé,2026-09-09T12:20:39.703Z,
Assistant Packaging F/H,Robert Half International,92 - Rueil-Malmaison,Intérim - 4 Mois,Non,Contrat travail,Annuel de 40000.0 Euros à 42000.0 Euros,2026-09-09T00:33:05.043Z,
Assistant Marketing H/F,OPL BYMYCAR,38 - Fontaine,CDI,Non,Contrat travail,Annuel de 30000.0 Euros à 30000.0 Euros - CSE - Mutuelle,2026-09-08T14:34:57.228Z,
Alternance Assistant commercial et marketing - Castries (H/F),ISCOD,34 - Castries,CDD - 12 Mois,Oui,Contrat apprentissage,Non précisé,2026-09-08T11:21:53.753Z,
Alternant(e) Chargé(e) Communication F/H - Freeland,Freeland,92 - Courbevoie,CDD - 12 Mois,Oui,Cont. professionnalisation,Non précisé,2026-09-07T21:15:12.682Z,
Alternance Assistant commercial et marketing - Saint-Parres-aux-Tertres (H/F),ISCOD,10 - Villechétif,CDD - 12 Mois,Oui,Contrat apprentissage,Non précisé,2026-09-07T11:21:43.671Z,
Alternance Assistant Marketing Communication - Lille (H/F),ISCOD,59 - Lille,CDD - 12 Mois,Oui,Contrat apprentissage,Non précisé,2026-09-07T11:21:42.335Z,
Assistant-e Marketing Opérationnel (La Possession) #TET14436 (H/F),Tetranergy Business School Réunion,974 - Possession,CDD - 6 Mois,Oui,Contrat apprentissage,Non précisé,2026-09-07T11:21:25.028Z,
Assistant-e Trade Marketing Off Trade (La Possession) #TET14431 (H/F),Tetranergy Business School Réunion,974 - Possession,CDD - 6 Mois,Oui,Contrat apprentissage,Non précisé,2026-09-07T11:21:25.019Z,
E.Leclerc - Assistant Marketing - H/F,SAINT MAIXENT DISTRIBUTION,79 - Azay-le-Brûlé,CDI,Non,Contrat travail,Non précisé,2026-09-05T15:56:43.507Z,
Alternance assistant vendeur et marketing - Montpellier (F/H),Non précisé,34 - Montpellier,CDD - 12 Mois,Oui,Cont. professionnalisation,Non précisé,2026-09-05T11:54:05.862Z,
Responsable Marketing - Marques Émergentes Auto (H/F),LG GESTION,66 - Perpignan,CDD - 6 Mois,Non,Contrat travail,Non précisé,2026-09-05T04:31:28.436Z,
ASSISTANT MARKETING INNOVATION - Stage (H/F),Savencia SA,35 - Châteaubourg,CDD - 6 Mois,Oui,Contrat apprentissage,Mensuel de 1174.0 Euros à 1174.0 Euros,2026-09-05T00:32:58.342Z,
Alternance Assistant administratif et Marketing - Paris (F/H),Non précisé,75 - Paris,CDD - 12 Mois,Oui,Cont. professionnalisation,Non précisé,2026-09-04T12:09:41.073Z,
Alternance Assistant administratif et Marketing - Paris (H/F),ISCOD,75 - Paris 16e Arrondissement,CDD - 12 Mois,Oui,Contrat apprentissage,Non précisé,2026-09-04T11:21:38.477Z,
Chargé.e de marketing - SESS-STAPS (H/F),SESS-STAPS,94 - Créteil,CDD - 12 Mois,Non,Contrat travail,Non précisé,2026-09-04T04:31:42.435Z,
E.Leclerc - Assistant Marketing (alternance) - H/F,SAINT MAIXENT DISTRIBUTION,79 - Azay-le-Brûlé,CDD - 24 Mois,Oui,Contrat apprentissage,Non précisé,2026-09-03T15:56:40.481Z,
Alternance Assistant Chargé de Marketing et CRM BTOB - Les Epesses (H/F),ISCOD,85 - Epesses,CDD - 12 Mois,Oui,Contrat apprentissage,Non précisé,2026-09-03T11:22:01.322Z,
E.Leclerc - Assistant(e) marketing - H/F,GALEC Services centraux,94 - Ivry-sur-Seine,CDD - 5 Mois,Non,Contrat travail,Non précisé,2026-09-02T15:56:45.690Z,
Alternance Assistant(e) Marketing - Nanterre (H/F),ISCOD,92 - Nanterre,CDD - 12 Mois,Oui,Contrat apprentissage,Non précisé,2026-09-02T11:21:30.725Z,
Assistant / Assistante marketing (H/F),Non précisé,14 - Calvados,CDD - 24 Mois,Non,Contrat travail,Non précisé,2026-09-02T11:02:55.137Z,
Assistant / Assistante marketing (H/F),Non précisé,35 - Ille-et-Vilaine,CDD - 24 Mois,Non,Contrat travail,Non précisé,2026-09-02T11:02:55.143Z,
Assistant / Assistante à la direction marketing (H/F),AUREIS FORMATION,75 - Paris 10e Arrondissement,CDD - 12 Mois,Oui,Contrat apprentissage,Non précisé,2026-09-02T05:31:10.318Z,
Chargé(e) de support communication et marketing en alternance. (H/F),SOGITEC,92 - Suresnes,CDD - 12 Mois,Oui,Contrat apprentissage,Non précisé,2026-09-02T04:31:42.617Z,
Assistant / Assistante à la direction marketing (H/F),AUREIS FORMATION,75 - Paris 16e Arrondissement,CDD - 12 Mois,Oui,Contrat apprentissage,Non précisé,2026-09-01T05:31:53.556Z,
Alternant Communication (H/F),CHEREAU,50 - Ducey-Les Chéris,CDD - 24 Mois,Oui,Contrat apprentissage,Horaire de 12.31 Euros à 12.31 Euros,2026-09-01T04:31:36.214Z,
Assistant / Assistante marketing (H/F),EFC CONSULTING,Bretagne,CDI,Non,Contrat travail,Non précisé,2026-09-01T03:18:53.567Z,
Assistant / Assistante marketing (H/F),EFC CONSULTING,Pays de la Loire,CDI,Non,Contrat travail,Non précisé,2026-09-01T03:18:53.562Z,
Assistant / Assistante marketing (H/F),EFC CONSULTING,Provence-Alpes-Côte d'Azur,CDI,Non,Contrat travail,Non précisé,2026-09-01T03:18:53.368Z,
Assistant / Assistante marketing (H/F),EFC CONSULTING,Occitanie,CDI,Non,Contrat travail,Non précisé,2026-09-01T03:18:53.363Z,
Assistant / Assistante marketing (H/F),EFC CONSULTING,Hauts-de-France,CDI,Non,Contrat travail,Non précisé,2026-09-01T03:18:53.366Z,
Assistant / Assistante marketing (H/F),EFC CONSULTING,Grand Est,CDI,Non,Contrat travail,Non précisé,2026-09-01T03:18:53.369Z,
Assistant / Assistante marketing (H/F),EFC CONSULTING,Normandie,CDI,Non,Contrat travail,Non précisé,2026-09-01T03:18:53.039Z,
Assistant / Assistante marketing (H/F),EFC CONSULTING,Centre-Val de Loire,CDI,Non,Contrat travail,Non précisé,2026-09-01T03:18:52.464Z,
Assistant / Assistante marketing (H/F),EFC CONSULTING,Nouvelle-Aquitaine,CDI,Non,Contrat travail,Non précisé,2026-09-01T03:18:52.456Z,
Alternance assistant commercial et marketing - Mennecy (H/F),ISCOD,91 - Écharcon,CDD - 12 Mois,Oui,Contrat apprentissage,Non précisé,2026-08-31T11:21:43.637Z,
Assistant / Assistante marketing (H/F),ALFAE,63 - Chamalières,CDD - 24 Mois,Oui,Contrat apprentissage,Non précisé,2026-08-31T05:36:20.344Z,
Assistant / Assistante marketing (H/F),MATERNA OPERATIONS,60 - Compiègne,CDD - 24 Mois,Oui,Contrat apprentissage,Non précisé,2026-08-31T05:36:20.334Z,
Assistant / Assistante à la direction marketing (H/F),DOMAINE DE ROUFFACH,68 - Rouffach,CDD - 24 Mois,Oui,Contrat apprentissage,Non précisé,2026-08-31T05:32:49.189Z,
Directeur e@gence F/H - Paris - CDI h/f,Non précisé,92 - Nanterre,CDI,Non,Contrat travail,Non précisé,2026-08-29T22:26:58.509Z,
ALTERNANCE-Assistant/Assistant(e) marketing et communication F/H,Non précisé,69 - Lyon,CDD - 12 Mois,Oui,Cont. professionnalisation,Non précisé,2026-08-27T12:38:25.008Z,
Stage - Assistant.e Marketing H/F,Non précisé,92 - Malakoff,CDD - 6 Mois,Oui,Cont. professionnalisation,Non précisé,2026-08-27T12:37:58.829Z,
"Alternance Assistant(e) Communication, Marketing & Événementiel Musical - Caen (H/F)",ISCOD,14 - Caen,CDD - 12 Mois,Oui,Contrat apprentissage,Non précisé,2026-08-27T11:22:02.765Z,
Alternance Assistant Marketing et Communication - Villenave-d'Ornon (H/F),ISCOD,33 - Cadaujac,CDD - 12 Mois,Oui,Contrat apprentissage,Non précisé,2026-08-26T11:22:06.847Z,
Assistant / Assistante marketing (H/F),Non précisé,973 - Montsinéry-Tonnegrande,CDI,Non,Contrat travail,Annuel de 1800.0 Euros,2026-08-23T03:31:15.904Z,
Assistant / Assistante marketing (H/F),Non précisé,974 - Sainte-Marie,CDI,Non,Contrat travail,Annuel de 1800.0 Euros,2026-08-16T03:28:09.545Z,
Assistant / Assistante marketing (H/F),Non précisé,974 - Saint-Denis,CDI,Non,Contrat travail,Annuel de 1800.0 Euros,2026-08-16T03:28:07.869Z,
Alternance Assistant(e) Marketing - Compiègne (F/H),Non précisé,60 - Compiègne,CDD - 12 Mois,Oui,Cont. professionnalisation,Non précisé,2026-08-15T11:52:10.256Z,
Assistant / Assistante marketing (H/F),Non précisé,973 - Macouria,CDI,Non,Contrat travail,Annuel de 1800.0 Euros,2026-08-15T03:26:49.541Z,
Volkswagen - Assistant / Assistante marketing (H/F),Volkswagen,40 - Saint-Pierre-du-Mont,CDD - 1 Mois,Non,Contrat travail,Non précisé,2026-08-14T21:18:46.013Z,
Alternant Assistant(e) Marketing (F/H) - ADELIA MEDICAL,ADELIA MEDICAL,92 - Gennevilliers,CDD - 12 Mois,Oui,Cont. professionnalisation,Non précisé,2026-08-06T21:15:22.000Z,
Assistant / Assistante marketing (H/F),TECHWAY,91 - Villebon-sur-Yvette,CDD - 12 Mois,Oui,Contrat apprentissage,Non précisé,2026-08-06T05:30:51.580Z,
Alternance Assistant(e) Trade Marketing - Paris (F/H),Non précisé,75 - Paris,CDD - 12 Mois,Oui,Cont. professionnalisation,Non précisé,2026-08-01T11:54:02.334Z,
Alternance Assistant(e) Marketing. - Paris (F/H),Non précisé,75 - Paris,CDD - 12 Mois,Oui,Cont. professionnalisation,Non précisé,2026-07-31T12:01:13.099Z,
Alternance Assistant(e) Communication et Marketing - Puget-sur-Argens (H/F),ISCOD,83 - Puget-sur-Argens,CDD - 12 Mois,Oui,Contrat apprentissage,Non précisé,2026-07-23T11:21:34.000Z,
ASSISTANT(E) DE DIRECTION (H/F) - TÉLÉTRAVAIL,Non précisé,974 - Saint-Pierre,CDI,Non,Contrat travail,Non précisé,2026-07-22T12:08:06.000Z,
Assistant(e) Marketing DIGITAL F/H - BPM GROUP - NANTES,BPM GROUP - NANTES,44 - Orvault,CDD - 6 Mois,Non,Contrat travail,Non précisé,2026-07-20T21:17:48.000Z,
ASSISTANT(E) MARKETING EN ALTERNANCE H/F - H/F,Non précisé,83 - Solliès-Pont,CDI,Non,Contrat travail,Non précisé,2026-07-17T12:07:16.000Z,
Assistant.e Chef.fe de Produit Marketing en alternance H/F,Non précisé,71 - Branges,CDD - 12 Mois,Oui,Cont. professionnalisation,Non précisé,2026-07-16T12:09:50.000Z,
Conseiller commercial marketing relationnel e-commerce télétravail H/F - SAINT ETien(ne),Non précisé,42 - Saint-Étienne,CDI,Non,Contrat travail,Non précisé,2026-07-16T12:07:50.000Z,
Content marketing manager (h/f) (H/F),Non précisé,92 - Gennevilliers,CDI,Non,Contrat travail,Non précisé,2026-07-07T08:15:43.000Z,
Assistant / Assistante marketing (H/F),EFC CONSULTING,Bretagne,CDI,Non,Contrat travail,Non précisé,2026-07-07T08:00:24.000Z,
Assistant / Assistante marketing (H/F),EFC CONSULTING,Normandie,CDI,Non,Contrat travail,Non précisé,2026-07-07T08:00:18.000Z,
Assistant / Assistante marketing (H/F),EFC CONSULTING,Provence-Alpes-Côte d'Azur,CDI,Non,Contrat travail,Non précisé,2026-07-07T07:59:51.000Z,
Assistant / Assistante marketing (H/F),EFC CONSULTING,Nouvelle-Aquitaine,CDI,Non,Contrat travail,Non précisé,2026-07-07T07:59:38.000Z,
Assistant / Assistante marketing (H/F),EFC CONSULTING,Bourgogne-Franche-Comté,CDI,Non,Contrat travail,Non précisé,2026-07-07T07:59:27.000Z,
Assistant / Assistante marketing (H/F),EFC CONSULTING,Occitanie,CDI,Non,Contrat travail,Non précisé,2026-07-07T07:59:22.000Z,
Assistant / Assistante marketing (H/F),EFC CONSULTING,Grand Est,CDI,Non,Contrat travail,Non précisé,2026-07-07T07:59:12.000Z,
Assistant / Assistante marketing (H/F),EFC CONSULTING,Hauts-de-France,CDI,Non,Contrat travail,Non précisé,2026-07-07T07:59:06.000Z,
Assistant / Assistante marketing (H/F),EFC CONSULTING,Île-de-France,CDI,Non,Contrat travail,Non précisé,2026-07-07T07:58:58.000Z,
Assistant / Assistante marketing (H/F),EFC CONSULTING,Auvergne-Rhône-Alpes,CDI,Non,Contrat travail,Non précisé,2026-07-07T07:58:56.000Z,
Assistant / Assistante marketing (H/F),EFC CONSULTING,Centre-Val de Loire,CDI,Non,Contrat travail,Non précisé,2026-07-07T07:58:31.000Z,
Assistant / Assistante marketing (H/F),ANDRE THOMAS,92 - Boulogne-Billancourt,CDD - 12 Mois,Oui,Contrat apprentissage,Non précisé,2026-07-07T05:30:59.000Z,
Directeur Adjoint (H/F) - GrandOptical - Nice Etoile,Non précisé,06 - Nice,CDI,Non,Contrat travail,Non précisé,2026-07-04T17:37:10.000Z,
Conseiller commercial marketing relationnel e-boutique télétravail H/F - STRASBOURG,Non précisé,67 - Strasbourg,CDI,Non,Contrat travail,Non précisé,2026-07-02T15:40:18.000Z,
Assistant / Assistante à la direction marketing (H/F),AUREIS FORMATION,95 - Herblay-sur-Seine,CDD - 12 Mois,Oui,Contrat apprentissage,Non précisé,2026-07-02T05:31:14.000Z,
Assistant / Assistante marketing (H/F),MASTERCOM,91 - Soisy-sur-École,CDD - 12 Mois,Oui,Contrat apprentissage,Non précisé,2026-06-27T05:31:27.000Z,
Adjoint / Adjointe à la direction marketing (H/F),BLUE CORAL,01 - Saint-Vulbas,CDD - 12 Mois,Oui,Contrat apprentissage,Non précisé,2026-06-27T05:31:27.000Z,
Assistant / Assistante à la direction marketing (H/F),AUREIS FORMATION,75 - Paris 10e Arrondissement,CDD - 12 Mois,Oui,Contrat apprentissage,Non précisé,2026-06-27T05:31:27.000Z,
Assistant / Assistante marketing (H/F),ANIMANIA,13 - Maillane,CDD - 24 Mois,Oui,Contrat apprentissage,Non précisé,2026-06-27T05:31:27.000Z,
Assistant / Assistante marketing (H/F),LA BOITE AUX ENFANTS,92 - Neuilly-sur-Seine,CDD - 12 Mois,Oui,Contrat apprentissage,Non précisé,2026-06-27T05:31:27.000Z,
Assistant / Assistante à la direction marketing (H/F),HYDROGYM,77 - Melun,CDD - 12 Mois,Oui,Contrat apprentissage,Non précisé,2026-06-27T05:31:27.000Z,
Assistant / Assistante à la direction marketing (H/F),AUREIS FORMATION,93 - Tremblay-en-France,CDD - 12 Mois,Oui,Contrat apprentissage,Non précisé,2026-06-27T05:31:27.000Z,
Assistant / Assistante marketing (H/F),TEC AUTOMATISMES,60 - Mouy,CDD - 24 Mois,Oui,Contrat apprentissage,Non précisé,2026-06-27T05:31:27.000Z,
Assistant Marketing / Opérationnel (H/F),Non précisé,78 - Yvelines,Intérim - 12 Mois,Non,Contrat travail,Non précisé,2026-06-24T12:11:54.000Z,
Alternance Assistant Marketing & Communication - Asnières-sur-Seine (F/H) (H/F),Non précisé,92 - Asnières-sur-Seine,CDD - 12 Mois,Oui,Cont. professionnalisation,Non précisé,2026-06-17T07:29:26.000Z,
Apprenti.e Marketing Veille Concurrentielle Internationale F/H - Raja France,Raja France,93 - Tremblay-en-France,CDD - 24 Mois,Oui,Cont. professionnalisation,Non précisé,2026-05-05T21:38:27.000Z,
ALTERNANT MONITEUR DE SKI ET CHARGÉ MARKETING/COMMUNICATION - H/F,COMPAGNIE DES ALPES,74 - Saint-Gervais-les-Bains,CDD - 12 Mois,Oui,Contrat apprentissage,Non précisé,2026-05-01T19:33:53.000Z,
ALTERNANT MONITEUR DE SKI ET CHARGÉ MARKETING/COMMUNICATION - H/F,COMPAGNIE DES ALPES,74 - Megève,CDD - 12 Mois,Oui,Contrat apprentissage,Non précisé,2026-05-01T19:33:53.000Z,
Directeur Adjoint (H/F) - GrandOptical - Nice Cap 3000,Non précisé,06 - Saint-Laurent-du-Var,CDI,Non,Contrat travail,Non précisé,2026-04-21T20:37:47.000Z,
Assistant / Assistante marketing (H/F),EFC CONSULTING,Île-de-France,CDI,Non,Contrat travail,Non précisé,2026-04-07T08:47:45.000Z,
